ชื่อผู้รับเหมา,ตำแหน่งงาน,หน่วยงาน/โครงการ,จำนวนรวม,สัญชาติไทย,สัญชาติกัมพูชา,สัญชาติลาว,สัญชาติเมียนมาร์,จำนวนแรงงานผิดกฎหมาย,หมายเหตุ,วันที่บันทึกข้อมูล
บริษัท ที.ที.เอส. เอ็นจิเนียริ่ง (2004) จำกัด,งานสถาปัตย์,The Base เพชรบุรี-ทองหล่อ,3,0,0,1,2,0,,2025-08-22 00:00:00
บริษัท ที.ที.เอส. เอ็นจิเนียริ่ง (2004) จำกัด,งานสถาปัตย์,The Base เพชรบุรี-ทองหล่อ,0,0,0,0,0,0,,2025-09-18 09:23:03
บริษัท ที.ที.เอส. เอ็นจิเนียริ่ง (2004) จำกัด,กรรมกร,Rich Point@BTS Wutthakat,3,0,0,0,3,0,,2025-11-07 10:59:41
บริษัท ที.ที.เอส. เอ็นจิเนียริ่ง (2004) จำกัด,งานสกิมโค้ทและงานสี,Rich Point@BTS Wutthakat,4,0,0,0,4,0,,2025-11-07 10:59:41
บริษัท ที.ที.เอส. เอ็นจิเนียริ่ง (2004) จำกัด,เซฟตี้,Rich Point@BTS Wutthakat,4,0,0,0,4,0,,2025-11-07 10:59:41
บริษัท ที.ที.เอส. เอ็นจิเนียริ่ง (2004) จำกัด,กรรมกร,Rich Point@BTS Wutthakat,3,0,0,0,3,0,,2025-11-07 11:06:12
บริษัท ที.ที.เอส. เอ็นจิเนียริ่ง (2004) จำกัด,งานสกิมโค้ทและงานสี,Rich Point@BTS Wutthakat,4,0,0,0,4,0,,2025-11-07 11:06:12
บริษัท ที.ที.เอส. เอ็นจิเนียริ่ง (2004) จำกัด,เซฟตี้,Rich Point@BTS Wutthakat,4,0,0,0,4,0,,2025-11-07 11:06:12
บริษัท ที.ที.เอส. เอ็นจิเนียริ่ง (2004) จำกัด,กรรมกร,Rich Point@BTS Wutthakat,3,0,0,0,3,0,,2025-11-13 08:28:13
บริษัท ที.ที.เอส. เอ็นจิเนียริ่ง (2004) จำกัด,งานสกิมโค้ทและงานสี,Rich Point@BTS Wutthakat,4,0,0,0,4,0,,2025-11-13 08:28:13
บริษัท ที.ที.เอส. เอ็นจิเนียริ่ง (2004) จำกัด,เซฟตี้,Rich Point@BTS Wutthakat,4,0,0,0,4,0,,2025-11-13 08:28:13
นางอรัญญา กลัดเข็มทอง (สันติ),งานไฟฟ้า,Sukhumvit 29 Hotel,3,0,0,3,0,3,,2025-12-04 15:42:59
หจก.จิตติพัฒน์ เจริญทรัพย์,เก็บงาน QC,Sukhumvit 29 Hotel,4,0,0,0,4,3,,2025-12-04 15:42:59
บริษัท ที.ที.เอส. เอ็นจิเนียริ่ง (2004) จำกัด,กรรมกร,S'RIN Ratchaphruek Sai1,3,2,0,0,1,0,,2025-12-04 15:46:02
บริษัท ที.ที.เอส. เอ็นจิเนียริ่ง (2004) จำกัด,งานสกิมโค้ทและงานสี,S'RIN Ratchaphruek Sai1,2,0,0,0,2,0,,2025-12-04 15:46:02
บริษัท ที.ที.เอส. เอ็นจิเนียริ่ง (2004) จำกัด,สโตร์,S'RIN Ratchaphruek Sai1,1,1,0,0,0,0,,2025-12-04 15:46:02
บริษัท ที.ที.เอส. เอ็นจิเนียริ่ง (2004) จำกัด,Head Man งานสถาปัตย์,S'RIN Ratchaphruek Sai1,4,1,0,0,3,0,,2025-12-04 15:46:02
นายสุพจน์ แสงคำสัตย์,งานก่อ-ฉาบ,Baan Sansiri Bangna,14,0,0,0,14,14,,2025-12-11 09:33:59
บริษัท ที.ที.เอส. เอ็นจิเนียริ่ง (2004) จำกัด,งานเชฟตี้,Baan Sansiri Bangna,5,0,0,0,5,0,,2025-12-11 09:33:59
บริษัท ที.ที.เอส. เอ็นจิเนียริ่ง (2004) จำกัด,งานระบบไฟฟ้าประปา,Baan Sansiri Bangna,2,0,0,0,2,0,,2025-12-11 09:33:59
บริษัท ที.ที.เอส. เอ็นจิเนียริ่ง (2004) จำกัด,งานสโตร์,Baan Sansiri Bangna,4,0,0,0,4,0,,2025-12-11 09:33:59
บริษัท ที.ที.เอส. เอ็นจิเนียริ่ง (2004) จำกัด,งานสถาปัตย์,Baan Sansiri Bangna,9,0,0,0,9,0,,2025-12-11 09:33:59
บริษัท ที.ที.เอส. เอ็นจิเนียริ่ง (2004) จำกัด,งานสำรวจ,Baan Sansiri Bangna,2,1,0,0,1,0,,2025-12-11 09:33:59
บริษัท ที.ที.เอส. เอ็นจิเนียริ่ง (2004) จำกัด,บริการ,Baan Sansiri Bangna,2,2,0,0,0,0,,2025-12-11 09:33:59
TEXCA WALL(SIAMESE ECOLITE CO.LTD),งานติดต้ังแผ่น PRECAST,Baan Sansiri Bangna,25,3,0,0,22,22,,2025-12-11 09:33:59
บจก.พีพีคอนสตรัคชั่น ชุมแพ,ช่างเชื่อม,THYME,6,6,0,0,0,0,,2025-12-11 09:39:51
บจก.พีรญา ก่อสร้าง,งานสถาปัตย์,THYME,23,0,0,0,23,4,,2025-12-11 09:39:51
บจก.รอยยิ้มนักสู้ คอนสตรัคชั่น,งานโครงสร้าง,THYME,9,1,0,0,8,7,,2025-12-11 09:39:51
บจก.รุ่งเรืองนาม,งานสกิมโค้ทและงานสี,THYME,13,4,0,0,9,0,,2025-12-11 09:39:51
บริษัท ที.ที.เอส. เอ็นจิเนียริ่ง (2004) จำกัด,กรรมกร,คลังสินค้าและบริการ,7,1,6,0,0,0,,2025-12-11 09:46:52
บริษัท ที.ที.เอส. เอ็นจิเนียริ่ง (2004) จำกัด,คนขับรถกระบะ,คลังสินค้าและบริการ,3,3,0,0,0,0,,2025-12-11 09:46:52
บริษัท ที.ที.เอส. เอ็นจิเนียริ่ง (2004) จำกัด,คนขับรถเทลเลอร์,คลังสินค้าและบริการ,1,1,0,0,0,0,,2025-12-11 09:46:52
บริษัท ที.ที.เอส. เอ็นจิเนียริ่ง (2004) จำกัด,คนขับรถบรรทุกติดเครน,คลังสินค้าและบริการ,3,3,0,0,0,0,,2025-12-11 09:46:52
บริษัท ที.ที.เอส. เอ็นจิเนียริ่ง (2004) จำกัด,ช่างเชื่อม,คลังสินค้าและบริการ,7,0,3,0,4,0,,2025-12-11 09:46:52
บริษัท ที.ที.เอส. เอ็นจิเนียริ่ง (2004) จำกัด,ช่างซ่อมเครื่องมือเครื่องใช้ไฟฟ้า,คลังสินค้าและบริการ,1,0,0,0,1,0,,2025-12-11 09:46:52
บริษัท ที.ที.เอส. เอ็นจิเนียริ่ง (2004) จำกัด,ช่างซ่อมอุปกรณ์ก่อสร้าง,คลังสินค้าและบริการ,3,0,3,0,0,0,,2025-12-11 09:46:52
บริษัท ที.ที.เอส. เอ็นจิเนียริ่ง (2004) จำกัด,พนักงานขับรถดูดฝุ่น,คลังสินค้าและบริการ,2,0,0,0,2,0,,2025-12-11 09:46:52
บริษัท ที.ที.เอส. เอ็นจิเนียริ่ง (2004) จำกัด,พนักงานขับรถยก,คลังสินค้าและบริการ,2,1,0,0,1,0,,2025-12-11 09:46:52
บริษัท ที.ที.เอส. เอ็นจิเนียริ่ง (2004) จำกัด,พนักงานควบคุมปั๊มคอนกรีต,คลังสินค้าและบริการ,4,1,1,0,2,0,,2025-12-11 09:46:52
บริษัท ที.ที.เอส. เอ็นจิเนียริ่ง (2004) จำกัด,พนักงานบริการงานทาวเวอร์เครน,คลังสินค้าและบริการ,6,6,0,0,0,0,,2025-12-11 09:46:52
บริษัท ที.ที.เอส. เอ็นจิเนียริ่ง (2004) จำกัด,พนักงานบังคับทาวเวอร์เครน,คลังสินค้าและบริการ,2,2,0,0,0,0,,2025-12-11 09:46:52
บริษัท ที.ที.เอส. เอ็นจิเนียริ่ง (2004) จำกัด,พนักงานรักษาความปลอดภัย(รปภ),คลังสินค้าและบริการ,6,5,1,0,0,0,,2025-12-11 09:46:52
บริษัท ที.ที.เอส. เอ็นจิเนียริ่ง (2004) จำกัด,พนักงานริกเกอร์,คลังสินค้าและบริการ,1,0,1,0,0,0,,2025-12-11 09:46:52
บริษัท ที.ที.เอส. เอ็นจิเนียริ่ง (2004) จำกัด,แม่บ้าน,คลังสินค้าและบริการ,5,1,1,0,3,0,,2025-12-11 09:46:52
บริษัท ที.ที.เอส. เอ็นจิเนียริ่ง (2004) จำกัด,สโตร์,คลังสินค้าและบริการ,22,8,3,0,11,7,,2025-12-11 09:46:52
บริษัท ที.ที.เอส. เอ็นจิเนียริ่ง (2004) จำกัด,Head Man บริการ,คลังสินค้าและบริการ,5,0,5,0,0,0,,2025-12-11 09:46:52
บริษัท ที.ที.เอส. เอ็นจิเนียริ่ง (2004) จำกัด,กรรมกร,บริการลูกค้า,31,0,1,0,30,16,,2025-12-11 09:51:20
บริษัท ที.ที.เอส. เอ็นจิเนียริ่ง (2004) จำกัด,ช่างกระเบื้อง,บริการลูกค้า,8,0,1,0,7,1,,2025-12-11 09:51:20
บริษัท ที.ที.เอส. เอ็นจิเนียริ่ง (2004) จำกัด,ช่างปูน,บริการลูกค้า,9,0,0,0,9,1,,2025-12-11 09:51:20
บริษัท ที.ที.เอส. เอ็นจิเนียริ่ง (2004) จำกัด,ช่างสี,บริการลูกค้า,22,0,1,0,21,17,,2025-12-11 09:51:20
บริษัท ที.ที.เอส. เอ็นจิเนียริ่ง (2004) จำกัด,Head Man งานสถาปัตย์,บริการลูกค้า,5,1,0,0,4,0,,2025-12-11 09:51:20
บริษัท ที.ที.เอส. เอ็นจิเนียริ่ง (2004) จำกัด,กรรมกร,คลังสินค้าและบริการ,7,1,6,0,0,0,,2025-12-11 10:00:04
บริษัท ที.ที.เอส. เอ็นจิเนียริ่ง (2004) จำกัด,คนขับรถกระบะ,คลังสินค้าและบริการ,3,3,0,0,0,0,,2025-12-11 10:00:04
บริษัท ที.ที.เอส. เอ็นจิเนียริ่ง (2004) จำกัด,คนขับรถเทลเลอร์,คลังสินค้าและบริการ,1,1,0,0,0,0,,2025-12-11 10:00:04
บริษัท ที.ที.เอส. เอ็นจิเนียริ่ง (2004) จำกัด,คนขับรถบรรทุกติดเครน,คลังสินค้าและบริการ,3,3,0,0,0,0,,2025-12-11 10:00:04
บริษัท ที.ที.เอส. เอ็นจิเนียริ่ง (2004) จำกัด,ช่างเชื่อม,คลังสินค้าและบริการ,7,0,3,0,4,0,,2025-12-11 10:00:04
บริษัท ที.ที.เอส. เอ็นจิเนียริ่ง (2004) จำกัด,ช่างซ่อมเครื่องมือเครื่องใช้ไฟฟ้า,คลังสินค้าและบริการ,1,0,0,0,1,0,,2025-12-11 10:00:04
บริษัท ที.ที.เอส. เอ็นจิเนียริ่ง (2004) จำกัด,ช่างซ่อมอุปกรณ์ก่อสร้าง,คลังสินค้าและบริการ,3,0,3,0,0,0,,2025-12-11 10:00:04
บริษัท ที.ที.เอส. เอ็นจิเนียริ่ง (2004) จำกัด,พนักงานขับรถดูดฝุ่น,คลังสินค้าและบริการ,2,0,0,0,2,0,,2025-12-11 10:00:04
บริษัท ที.ที.เอส. เอ็นจิเนียริ่ง (2004) จำกัด,พนักงานขับรถยก,คลังสินค้าและบริการ,2,1,0,0,1,0,,2025-12-11 10:00:04
บริษัท ที.ที.เอส. เอ็นจิเนียริ่ง (2004) จำกัด,พนักงานควบคุมปั๊มคอนกรีต,คลังสินค้าและบริการ,4,1,1,0,2,0,,2025-12-11 10:00:04
บริษัท ที.ที.เอส. เอ็นจิเนียริ่ง (2004) จำกัด,พนักงานบริการงานทาวเวอร์เครน,คลังสินค้าและบริการ,6,6,0,0,0,0,,2025-12-11 10:00:04
บริษัท ที.ที.เอส. เอ็นจิเนียริ่ง (2004) จำกัด,พนักงานรักษาความปลอดภัย(รปภ),คลังสินค้าและบริการ,6,5,1,0,0,0,,2025-12-11 10:00:04
บริษัท ที.ที.เอส. เอ็นจิเนียริ่ง (2004) จำกัด,พนักงานริกเกอร์,คลังสินค้าและบริการ,1,0,1,0,0,0,,2025-12-11 10:00:04
บริษัท ที.ที.เอส. เอ็นจิเนียริ่ง (2004) จำกัด,แม่บ้าน,คลังสินค้าและบริการ,5,1,1,0,3,0,,2025-12-11 10:00:04
บริษัท ที.ที.เอส. เอ็นจิเนียริ่ง (2004) จำกัด,สโตร์,คลังสินค้าและบริการ,22,8,3,0,11,7,,2025-12-11 10:00:04
บริษัท ที.ที.เอส. เอ็นจิเนียริ่ง (2004) จำกัด,Head Man บริการ,คลังสินค้าและบริการ,5,0,5,0,0,0,,2025-12-11 10:00:04
บริษัท ที.ที.เอส. เอ็นจิเนียริ่ง (2004) จำกัด,กรรมกร,คลังสินค้าและบริการ,7,1,6,0,0,0,,2025-12-11 10:04:41
บริษัท ที.ที.เอส. เอ็นจิเนียริ่ง (2004) จำกัด,คนขับรถกระบะ,คลังสินค้าและบริการ,3,3,0,0,0,0,,2025-12-11 10:04:41
บริษัท ที.ที.เอส. เอ็นจิเนียริ่ง (2004) จำกัด,คนขับรถเทลเลอร์,คลังสินค้าและบริการ,1,1,0,0,0,0,,2025-12-11 10:04:41
บริษัท ที.ที.เอส. เอ็นจิเนียริ่ง (2004) จำกัด,คนขับรถบรรทุกติดเครน,คลังสินค้าและบริการ,3,3,0,0,0,0,,2025-12-11 10:04:41
บริษัท ที.ที.เอส. เอ็นจิเนียริ่ง (2004) จำกัด,ช่างเชื่อม,คลังสินค้าและบริการ,7,0,3,0,4,0,,2025-12-11 10:04:41
บริษัท ที.ที.เอส. เอ็นจิเนียริ่ง (2004) จำกัด,ช่างซ่อมเครื่องมือเครื่องใช้ไฟฟ้า,คลังสินค้าและบริการ,1,0,0,0,1,0,,2025-12-11 10:04:41
บริษัท ที.ที.เอส. เอ็นจิเนียริ่ง (2004) จำกัด,ช่างซ่อมอุปกรณ์ก่อสร้าง,คลังสินค้าและบริการ,3,0,3,0,0,0,,2025-12-11 10:04:41
บริษัท ที.ที.เอส. เอ็นจิเนียริ่ง (2004) จำกัด,พนักงานขับรถดูดฝุ่น,คลังสินค้าและบริการ,2,0,0,0,2,0,,2025-12-11 10:04:41
บริษัท ที.ที.เอส. เอ็นจิเนียริ่ง (2004) จำกัด,พนักงานขับรถยก,คลังสินค้าและบริการ,2,1,0,0,1,0,,2025-12-11 10:04:41
บริษัท ที.ที.เอส. เอ็นจิเนียริ่ง (2004) จำกัด,พนักงานควบคุมปั๊มคอนกรีต,คลังสินค้าและบริการ,4,1,1,0,2,0,,2025-12-11 10:04:41
บริษัท ที.ที.เอส. เอ็นจิเนียริ่ง (2004) จำกัด,พนักงานบริการงานทาวเวอร์เครน,คลังสินค้าและบริการ,6,6,0,0,0,0,,2025-12-11 10:04:41
บริษัท ที.ที.เอส. เอ็นจิเนียริ่ง (2004) จำกัด,พนักงานรักษาความปลอดภัย(รปภ),คลังสินค้าและบริการ,6,5,1,0,0,0,,2025-12-11 10:04:41
บริษัท ที.ที.เอส. เอ็นจิเนียริ่ง (2004) จำกัด,พนักงานริกเกอร์,คลังสินค้าและบริการ,1,0,1,0,0,0,,2025-12-11 10:04:41
บริษัท ที.ที.เอส. เอ็นจิเนียริ่ง (2004) จำกัด,แม่บ้าน,คลังสินค้าและบริการ,5,1,1,0,3,0,,2025-12-11 10:04:41
บริษัท ที.ที.เอส. เอ็นจิเนียริ่ง (2004) จำกัด,สโตร์,คลังสินค้าและบริการ,22,8,3,0,11,7,,2025-12-11 10:04:41
บริษัท ที.ที.เอส. เอ็นจิเนียริ่ง (2004) จำกัด,Head Man บริการ,คลังสินค้าและบริการ,5,0,5,0,0,0,,2025-12-11 10:04:41
นายสมศักดิ์ นุกูล,งานโครงสร้าง,Valles Haus,10,10,0,0,0,0,,2025-12-11 10:19:20
บจก.ที.โอ.บี ก่อสร้าง,งานโครงสร้าง,Valles Haus,65,1,0,0,64,58,,2025-12-11 10:19:20
บจก.เที่ยงตรง คอนสทรัคชั่น (2024),งานโครงสร้าง,Valles Haus,60,0,0,0,60,51,,2025-12-11 10:19:20
บจก.รอยยิ้มนักสู้ คอนสตรัคชั่น,งานโครงสร้าง,Valles Haus,24,0,0,0,24,18,,2025-12-11 10:19:20
บริษัท ที.ที.เอส. เอ็นจิเนียริ่ง (2004) จำกัด,กรรมกร,Valles Haus,11,0,6,0,5,0,,2025-12-11 10:19:20
บริษัท ที.ที.เอส. เอ็นจิเนียริ่ง (2004) จำกัด,งานไฟฟ้า,Valles Haus,4,0,3,0,1,0,,2025-12-11 10:19:20
บริษัท ที.ที.เอส. เอ็นจิเนียริ่ง (2004) จำกัด,งานสกิมโค้ทและงานสี,Valles Haus,11,0,2,0,9,0,,2025-12-11 10:19:20
บริษัท ที.ที.เอส. เอ็นจิเนียริ่ง (2004) จำกัด,ช่างสำรวจ,Valles Haus,8,2,0,0,6,3,,2025-12-11 10:19:20
บริษัท ที.ที.เอส. เอ็นจิเนียริ่ง (2004) จำกัด,เซฟตี้,Valles Haus,10,0,1,0,9,8,,2025-12-11 10:19:20
บริษัท ที.ที.เอส. เอ็นจิเนียริ่ง (2004) จำกัด,พนักงานบังคับทาวเวอร์เครน,Valles Haus,5,5,0,0,0,0,,2025-12-11 10:19:20
บริษัท ที.ที.เอส. เอ็นจิเนียริ่ง (2004) จำกัด,พนักงานริกเกอร์,Valles Haus,2,2,0,0,0,0,,2025-12-11 10:19:20
บริษัท ที.ที.เอส. เอ็นจิเนียริ่ง (2004) จำกัด,แม่บ้าน,Valles Haus,1,0,1,0,0,0,,2025-12-11 10:19:20
บริษัท ที.ที.เอส. เอ็นจิเนียริ่ง (2004) จำกัด,สโตร์,Valles Haus,9,1,2,0,6,2,,2025-12-11 10:19:20
บริษัท วิทวัตร การก่อสร้าง จำกัด,งานโครงสร้าง,Valles Haus,31,5,1,0,25,26,,2025-12-11 10:19:20
บจก.เค.ซี.เค.คอนสตรัคชั่น 2023,งานโครงสร้าง,Live Ramintra,37,0,0,0,37,37,แรงงานผิด กม.สัญชาติเมียนมา,2025-12-11 10:21:06
บจก.ไชย นริน เอ็นจิเนียริ่ง,งานโครงสร้าง,Live Ramintra,9,0,0,0,9,9,แรงงานผิด กม.สัญชาติเมียนมา,2025-12-11 10:21:06
บจก.ที.โอ.บี.ก่อสร้าง,งานโครงสร้าง,Live Ramintra,63,4,0,0,59,59,แรงงานผิด กม.สัญชาติเมียนมา,2025-12-11 10:21:06
บริษัท ที.ที.เอส. เอ็นจิเนียริ่ง (2004) จำกัด,งานระบบไฟฟ้า,Live Ramintra,4,1,0,0,3,1,แรงงานผิด กม.สัญชาติเมียนมา,2025-12-11 10:21:06
บริษัท ที.ที.เอส. เอ็นจิเนียริ่ง (2004) จำกัด,ช่างสำรวจ,Live Ramintra,6,0,1,0,5,2,แรงงานผิด กม.สัญชาติเมียนมา,2025-12-11 10:21:06
บริษัท ที.ที.เอส. เอ็นจิเนียริ่ง (2004) จำกัด,เซฟตี้,Live Ramintra,13,0,1,0,12,12,แรงงานผิด กม.สัญชาติเมียนมา,2025-12-11 10:21:06
บริษัท ที.ที.เอส. เอ็นจิเนียริ่ง (2004) จำกัด,พนักงานควบคุมแบ็คโฮ,Live Ramintra,1,1,0,0,0,0,,2025-12-11 10:21:06
บริษัท ที.ที.เอส. เอ็นจิเนียริ่ง (2004) จำกัด,พนักงานบังคับทาวเวอร์เครน,Live Ramintra,4,3,0,1,0,0,,2025-12-11 10:21:06
บริษัท ที.ที.เอส. เอ็นจิเนียริ่ง (2004) จำกัด,พนักงานริกเกอร์,Live Ramintra,3,2,0,1,0,0,,2025-12-11 10:21:06
บริษัท ที.ที.เอส. เอ็นจิเนียริ่ง (2004) จำกัด,แม่บ้าน,Live Ramintra,2,0,1,0,1,0,,2025-12-11 10:21:06
บริษัท ที.ที.เอส. เอ็นจิเนียริ่ง (2004) จำกัด,สโตร์,Live Ramintra,4,1,0,0,3,2,,2025-12-11 10:21:06
บจก.ดีประเสริฐ การช่าง,สถาปัตย์,Live Ramintra,12,0,0,0,12,0,,2025-12-11 10:21:06
บริษัท ที.ที.เอส. เอ็นจิเนียริ่ง (2004) จำกัด,กรรมกร,Image 49,1,0,1,0,0,0,,2025-12-11 10:27:52
บริษัท ที.ที.เอส. เอ็นจิเนียริ่ง (2004) จำกัด,งานสกิมโค้ทและงานสี,Image 49,1,0,0,0,1,0,,2025-12-11 10:27:52
บริษัท ที.ที.เอส. เอ็นจิเนียริ่ง (2004) จำกัด,เซฟตี้,Image 49,2,0,0,0,2,0,,2025-12-11 10:27:52
นายประสิทธิ์  คงสันเทียะ,ช่างกระเบื้อง,Bloom Mental Wellness Hospital,4,1,3,0,0,1,,2025-12-11 11:37:35
นายพัทธนันท์  ศรีชัย,ช่างกระเบื้อง,Bloom Mental Wellness Hospital,4,0,4,0,0,0,,2025-12-11 11:37:35
นายสุนทร ชอบธรรม,งานกระเบื้อง,Bloom Mental Wellness Hospital,2,0,2,0,0,2,,2025-12-11 11:37:35
บจก.รุ่งเรืองนาม,งานสกิมโค้ทและงานสี,Bloom Mental Wellness Hospital,14,5,1,0,8,3,,2025-12-11 11:37:35
บจก.แสงทวีสิน เอ็นจิเนียริ่ง,งานโครงสร้าง,Bloom Mental Wellness Hospital,6,1,0,0,5,0,,2025-12-11 11:37:35
บจก. เอ ไทม์ คอนสตรัคชั่น,งานถนน,Bloom Mental Wellness Hospital,6,2,4,0,0,0,,2025-12-11 11:37:35
บจก.A&G,งานประตู-หน้าต่าง อลูมิเนียมกระจก,Bloom Mental Wellness Hospital,7,3,0,0,4,0,,2025-12-11 11:37:35
บจก.CPP. DEVELOPMENT,งานผนัง privazy wall,Bloom Mental Wellness Hospital,7,7,0,0,0,0,,2025-12-11 11:37:35
บริษัท ที.ที.เอส. เอ็นจิเนียริ่ง (2004) จำกัด,กรรมกร,Bloom Mental Wellness Hospital,4,0,0,0,4,2,,2025-12-11 11:37:35
บริษัท ที.ที.เอส. เอ็นจิเนียริ่ง (2004) จำกัด,งานเซฟตี้,Bloom Mental Wellness Hospital,10,0,0,0,10,6,,2025-12-11 11:37:35
บริษัท ที.ที.เอส. เอ็นจิเนียริ่ง (2004) จำกัด,งานบริการ,Bloom Mental Wellness Hospital,4,0,1,0,3,1,,2025-12-11 11:37:35
บริษัท ที.ที.เอส. เอ็นจิเนียริ่ง (2004) จำกัด,งานสโตร์,Bloom Mental Wellness Hospital,1,0,0,0,1,1,,2025-12-11 11:37:35
บริษัท ที.ที.เอส. เอ็นจิเนียริ่ง (2004) จำกัด,งานสำรวจ,Bloom Mental Wellness Hospital,4,1,2,0,1,1,,2025-12-11 11:37:35
บริษัท ที.ที.เอส. เอ็นจิเนียริ่ง (2004) จำกัด,ช่างกระเบื้อง,Bloom Mental Wellness Hospital,6,0,4,0,2,0,,2025-12-11 11:37:35
บริษัท ที.ที.เอส. เอ็นจิเนียริ่ง (2004) จำกัด,ช่างปูน,Bloom Mental Wellness Hospital,8,0,0,0,8,5,,2025-12-11 11:37:35
บริษัท ที.ที.เอส. เอ็นจิเนียริ่ง (2004) จำกัด,พนักงานบังคับทาวเวอร์เครน,Bloom Mental Wellness Hospital,1,1,0,0,0,0,,2025-12-11 11:37:35
บริษัท ที.ที.เอส. เอ็นจิเนียริ่ง (2004) จำกัด,พนักงานริกเกอร์,Bloom Mental Wellness Hospital,1,1,0,0,0,0,,2025-12-11 11:37:35
บริษัท ยิปมั่นเทค จำกัด,งานฝ้าเพดาน,Bloom Mental Wellness Hospital,5,1,0,0,4,0,,2025-12-11 11:37:35
นางอรัญญา กลัดเข็มทอง (สันติ),งานไฟฟ้า,Sukhumvit 29 Hotel,3,0,0,3,0,3,,2025-12-11 12:07:49
หจก.จิตติพัฒน์ เจริญทรัพย์,เก็บงาน QC,Sukhumvit 29 Hotel,4,0,0,0,4,3,,2025-12-11 12:07:49
นายสิทธิ์ศักดิ์ แสงอรุณ (สมพงษ์),เก็บงาน QC,Canopy by Hilton (CBH SKV12),34,3,0,0,31,21,ผิด กม.เมียนมา 21,2025-12-11 12:27:37
นายสุริยะ สิงห์สำราญ (เอมอร),เก็บงาน QC,Canopy by Hilton (CBH SKV12),45,2,0,0,43,4,ผิด กม.เมียนมา 4,2025-12-11 12:27:37
บริษัท ที.ที.เอส. เอ็นจิเนียริ่ง (2004) จำกัด,กรรมกร,Canopy by Hilton (CBH SKV12),3,0,2,0,1,0,,2025-12-11 12:27:37
บริษัท ที.ที.เอส. เอ็นจิเนียริ่ง (2004) จำกัด,ช่างกระเบื้อง,Canopy by Hilton (CBH SKV12),3,0,2,0,1,1,ผิด กม.เมียนมา 1,2025-12-11 12:27:37
บริษัท ที.ที.เอส. เอ็นจิเนียริ่ง (2004) จำกัด,ช่างสำรวจ DC,Canopy by Hilton (CBH SKV12),6,2,2,0,2,1,ผิด กม.เมียนมา 1,2025-12-11 12:27:37
บริษัท ที.ที.เอส. เอ็นจิเนียริ่ง (2004) จำกัด,สโตร์,Canopy by Hilton (CBH SKV12),7,2,0,0,5,1,ผิด กม.เมียนมา 1,2025-12-11 12:27:37
บริษัท ที.ที.เอส. เอ็นจิเนียริ่ง (2004) จำกัด,SAFETY,Canopy by Hilton (CBH SKV12),7,0,2,0,5,3,ผิด กม.เมียนมา 1 กัมพูชา 2,2025-12-11 12:27:37
บริษัท ที.ที.เอส. เอ็นจิเนียริ่ง (2004) จำกัด,service,Canopy by Hilton (CBH SKV12),6,3,3,0,0,1,ผิด กม.เมียนมา 1,2025-12-11 12:27:37
หจก.จิตติพัฒน์ เจริญทรัพย์,เก็บงาน QC,Canopy by Hilton (CBH SKV12),56,1,0,10,45,45,ผิด กม.เมียนมา 35 ลาว 10,2025-12-11 12:27:37
บจก.เกตุบางราย คอนสตัคชั่น,งานโครงสร้าง,Escent Hatyai 2,48,5,4,0,39,23,ผิดกฎหมาย กัมพูชา 2 คน เมียนมา 21 คน,2025-12-11 21:16:00
บจก.ไชยนรินทร์ เอ็นจิเนียริ่ง,งานโครงสร้าง,Escent Hatyai 2,32,0,0,0,32,32,,2025-12-11 21:16:00
บจก.พีรญา ก่อสร้าง,งานก่อ-ฉาบ,Escent Hatyai 2,17,0,0,0,17,10,,2025-12-11 21:16:00
บจก.รุ่งเรืองนาม,งานสกิมโค้ทและงานสี,Escent Hatyai 2,11,6,0,0,5,2,,2025-12-11 21:16:00
บจก.ว.ไชยาอินเตอร์เนชั่นแนล,งานระบบไฟฟ้า,Escent Hatyai 2,26,26,0,0,0,0,,2025-12-11 21:16:00
บจก.ว.ไชยาอินเตอร์เนชั่นแนล,งานระบบสุขาภิบาล,Escent Hatyai 2,17,9,0,0,8,6,,2025-12-11 21:16:00
บจก.แสงทวีสิน เอ็นจิเนียริ่ง,งานโครงสร้าง,Escent Hatyai 2,56,3,4,0,49,31,ผิดกฎหมาย กัมพูชา 2 คน เมียนมา 29 คน,2025-12-11 21:16:00
บริษัท ที.ที.เอส. เอ็นจิเนียริ่ง (2004) จำกัด,งานไฟฟ้าและประปา,Escent Hatyai 2,4,3,0,0,1,0,,2025-12-11 21:16:00
บริษัท ที.ที.เอส. เอ็นจิเนียริ่ง (2004) จำกัด,งานสโตร์,Escent Hatyai 2,4,0,0,0,4,2,ผิดกฎหมาย  เมียนมา 2 คน,2025-12-11 21:16:00
บริษัท ที.ที.เอส. เอ็นจิเนียริ่ง (2004) จำกัด,งานสำรวจ,Escent Hatyai 2,6,0,0,0,6,5,ผิดกฎหมาย  เมียนมา 5 คน,2025-12-11 21:16:00
บริษัท ที.ที.เอส. เอ็นจิเนียริ่ง (2004) จำกัด,เซฟตี้,Escent Hatyai 2,14,0,1,1,12,13,ผิดกฎหมาย  เมียนมา 12 คน กัมพูชา 1 คน,2025-12-11 21:16:00
บริษัท ที.ที.เอส. เอ็นจิเนียริ่ง (2004) จำกัด,พนักงานริกเกอร์,Escent Hatyai 2,3,3,0,0,0,0,,2025-12-11 21:16:00
บริษัท ที.ที.เอส. เอ็นจิเนียริ่ง (2004) จำกัด,แม่บ้าน,Escent Hatyai 2,2,1,0,0,1,1,ผิดกฎหมาย  เมียนมา 1 คน,2025-12-11 21:16:00
บริษัท ที.ที.เอส. เอ็นจิเนียริ่ง (2004) จำกัด,สถาปัตย์,Escent Hatyai 2,9,0,0,0,9,9,ผิดกฎหมาย  เมียนมา 9 คน,2025-12-11 21:16:00
หจก.ฉลองชัย คอนสตรัคชั่น,งานก่อ-ฉาบ,Escent Hatyai 2,24,0,4,0,20,18,ผิดกฎหมาย  เมียนมา 18 คน,2025-12-11 21:16:00
หจก.ที เค เอส. บิวดิ้ง แอนด์ ซัพพลาย,Protection,Escent Hatyai 2,8,2,0,0,6,0,,2025-12-11 21:16:00
บจก.เค.ซี.เค.คอนสตรัคชั่น 2023,งานโครงสร้าง,Prannok-Tadmai (DH2),7,0,0,0,7,5,,2025-12-11 21:28:34
บจก.ซี ดีไซน์ เอ็นจิเนียริ่ง,งานระบบสุขาภิบาล,Prannok-Tadmai (DH2),8,0,0,0,8,0,,2025-12-11 21:28:34
บจก.ฐาณิกา ก่อสร้าง,งานติดตั้งบัวปูน,Prannok-Tadmai (DH2),4,0,0,0,4,0,,2025-12-11 21:28:34
บจก.รุ่งเรืองนาม,งานสกิมโค้ทและงานสี,Prannok-Tadmai (DH2),31,7,0,0,24,16,ผิดกฎหมาย  เมียนมา 16 คน,2025-12-11 21:28:34
บจก.เสาร์ห้า เอ็นจิเนียริ่ง,งานระบบไฟฟ้า,Prannok-Tadmai (DH2),17,17,0,0,0,0,,2025-12-11 21:28:34
บจก.แสงทวีสิน เอ็นจิเนียริ่ง,งานโครงสร้าง,Prannok-Tadmai (DH2),3,0,0,0,3,0,,2025-12-11 21:28:34
บจก. เอ ไทม์ คอนสตรัคชั่น,งานถนน,Prannok-Tadmai (DH2),3,0,3,0,0,0,,2025-12-11 21:28:34
บจก.เอยูเอ็ม แอร์เซอร์วิส,งานระบบเครื่องปรับอากาศ,Prannok-Tadmai (DH2),13,9,0,2,2,2,ผิดกฎหมาย ลาว 2 คน,2025-12-11 21:28:34
บจก.A&G,งานประตู-หน้าต่าง,Prannok-Tadmai (DH2),11,7,0,0,4,0,,2025-12-11 21:28:34
บริษัท ที.ที.เอส. เอ็นจิเนียริ่ง (2004) จำกัด,งานเซฟตี้,Prannok-Tadmai (DH2),11,0,8,0,3,2,ผิดกฎหมาย  เมียนมา 2 คน,2025-12-11 21:28:34
บริษัท ที.ที.เอส. เอ็นจิเนียริ่ง (2004) จำกัด,งานไฟฟ้าและประปา,Prannok-Tadmai (DH2),2,1,1,0,0,0,,2025-12-11 21:28:34
บริษัท ที.ที.เอส. เอ็นจิเนียริ่ง (2004) จำกัด,งานสโตร์,Prannok-Tadmai (DH2),3,2,0,0,1,0,,2025-12-11 21:28:34
บริษัท ที.ที.เอส. เอ็นจิเนียริ่ง (2004) จำกัด,งานสถาปัตย์,Prannok-Tadmai (DH2),15,0,6,0,9,0,,2025-12-11 21:28:34
บริษัท ที.ที.เอส. เอ็นจิเนียริ่ง (2004) จำกัด,เซอร์เวย์,Prannok-Tadmai (DH2),3,0,0,0,3,3,ผิดกฎหมาย  เมียนมา 3คน,2025-12-11 21:28:34
บริษัท ที.ที.เอส. เอ็นจิเนียริ่ง (2004) จำกัด,แม่บ้าน,Prannok-Tadmai (DH2),1,1,0,0,0,0,,2025-12-11 21:28:34
หจก.ฉลองชัย คอนสตรัคชั่น,งานโครงสร้าง,Prannok-Tadmai (DH2),44,0,7,0,37,21,,2025-12-11 21:28:34
นายสมชาย  สมบัติ,ช่างกระเบื้อง,Prannok-Tadmai (DH2),4,0,4,0,0,0,,2025-12-11 21:28:34
นายสุนทร ชอบธรรม,ช่างกระเบื้อง,Prannok-Tadmai (DH2),3,0,2,0,1,0,,2025-12-11 21:28:34
หจก.ฉลองชัย คอนสตรัคชั่น,ช่างกระเบื้อง,Prannok-Tadmai (DH2),2,0,2,0,0,0,ผิดกฎหมาย  กัมพูชา  2 คน,2025-12-11 21:28:34
บริษัท ที.ที.เอส. เอ็นจิเนียริ่ง (2004) จำกัด,กรรมกร,Escent Nakhon Si,8,0,1,0,7,0,,2025-12-12 09:38:38
บริษัท ที.ที.เอส. เอ็นจิเนียริ่ง (2004) จำกัด,ช่างปูน,Escent Nakhon Si,7,0,0,0,7,0,,2025-12-12 09:38:38
บริษัท ที.ที.เอส. เอ็นจิเนียริ่ง (2004) จำกัด,เซฟตี้,Escent Nakhon Si,8,0,5,0,3,0,,2025-12-12 09:38:38
บริษัท ที.ที.เอส. เอ็นจิเนียริ่ง (2004) จำกัด,เซอร์เวย์,Escent Nakhon Si,4,1,1,0,2,0,,2025-12-12 09:38:38
บริษัท ที.ที.เอส. เอ็นจิเนียริ่ง (2004) จำกัด,บริการ,Escent Nakhon Si,1,0,1,0,0,0,,2025-12-12 09:38:38
บริษัท ที.ที.เอส. เอ็นจิเนียริ่ง (2004) จำกัด,พนักงานบังคับทาวเวอร์เครน,Escent Nakhon Si,3,3,0,0,0,0,,2025-12-12 09:38:38
บริษัท ที.ที.เอส. เอ็นจิเนียริ่ง (2004) จำกัด,พนักงานริกเกอร์,Escent Nakhon Si,3,0,3,0,0,0,,2025-12-12 09:38:38
บริษัท ที.ที.เอส. เอ็นจิเนียริ่ง (2004) จำกัด,สโตร์,Escent Nakhon Si,4,0,4,0,0,0,,2025-12-12 09:38:38
บริษัท ที.ที.เอส. เอ็นจิเนียริ่ง (2004) จำกัด,Head Man บริการ,Escent Nakhon Si,2,0,2,0,0,0,,2025-12-12 09:38:38
บริษัท ที.ที.เอส. เอ็นจิเนียริ่ง (2004) จำกัด,HM.สถาปัตย์,Escent Nakhon Si,1,0,0,0,1,0,,2025-12-12 09:38:38
บริษัท บิวเทค จำกัด,งานระบบไฟฟ้า,Escent Nakhon Si,58,58,0,0,0,2,,2025-12-12 09:38:38
บริษัท โพส แอนด์ พรีคาส จำกัด,งานโครงสร้าง,Escent Nakhon Si,28,28,0,0,0,0,,2025-12-12 09:38:38
บริษัท วิทวัตร การก่อสร้าง จำกัด,งานโครงสร้าง,Escent Nakhon Si,42,3,21,1,17,6,,2025-12-12 09:38:38
บริษัท สำเริงชัย 1963 จำกัด,งานก่อ-ฉาบ,Escent Nakhon Si,28,0,0,0,28,0,,2025-12-12 09:38:38
บริษัท ที.ที.เอส. เอ็นจิเนียริ่ง (2004) จำกัด,กรรมกร,S'RIN Ratchaphruek Sai1,3,2,0,0,1,0,,2025-12-12 10:39:29
บริษัท ที.ที.เอส. เอ็นจิเนียริ่ง (2004) จำกัด,งานสกิมโค้ทและงานสี,S'RIN Ratchaphruek Sai1,2,0,0,0,2,0,,2025-12-12 10:39:29
บริษัท ที.ที.เอส. เอ็นจิเนียริ่ง (2004) จำกัด,สโตร์,S'RIN Ratchaphruek Sai1,1,1,0,0,0,0,,2025-12-12 10:39:29
บริษัท ที.ที.เอส. เอ็นจิเนียริ่ง (2004) จำกัด,Head Man งานสถาปัตย์,S'RIN Ratchaphruek Sai1,4,1,0,0,3,0,,2025-12-12 10:39:29
บจก.เอยูเอ็ม แอร์เซอร์วิส,งานระบบเครื่องปรับอากาศ,S'RIN Ratchaphruek Sai1,3,3,0,0,0,0,,2025-12-12 10:39:29
บจก.ชวิน เอ็นจิเนียริ่ง,งานระบบสุขาภิบาล,S'RIN Ratchaphruek Sai1,4,0,0,0,4,0,,2025-12-12 10:39:29
นางสาวเจนจิรา ณัฐศรันย์ดา,งานก่อ-ฉาบ,Renovation of UFM Building,10,2,0,0,8,8,,2025-12-12 10:44:49
บริษัท ที.ที.เอส. เอ็นจิเนียริ่ง (2004) จำกัด,กรรมกร,Renovation of UFM Building,13,0,0,0,13,8,,2025-12-12 10:44:49
บริษัท ที.ที.เอส. เอ็นจิเนียริ่ง (2004) จำกัด,งานสกิมโค้ทและงานสี,Renovation of UFM Building,5,0,0,0,5,0,,2025-12-12 10:44:49
บริษัท ที.ที.เอส. เอ็นจิเนียริ่ง (2004) จำกัด,ช่างกระเบื้อง,Renovation of UFM Building,2,0,0,0,2,0,,2025-12-12 10:44:49
บริษัท ที.ที.เอส. เอ็นจิเนียริ่ง (2004) จำกัด,ช่างปูน,Renovation of UFM Building,2,0,0,0,2,0,,2025-12-12 10:44:49
บริษัท ที.ที.เอส. เอ็นจิเนียริ่ง (2004) จำกัด,พนักงานขับรถยก,Renovation of UFM Building,1,0,0,0,1,0,,2025-12-12 10:44:49
บริษัท ที.ที.เอส. เอ็นจิเนียริ่ง (2004) จำกัด,สโตร์,Renovation of UFM Building,1,0,1,0,0,0,Headman,2025-12-12 10:44:49
บริษัท ที.ที.เอส. เอ็นจิเนียริ่ง (2004) จำกัด,สถาปัตย์,Renovation of UFM Building,2,0,0,0,2,0,Headman,2025-12-12 10:44:49
บจก.เดโชเซี่ยงไฮ้เฟอร์นิเจอร์และก่อสร้าง,สถาปัตย์,Renovation of UFM Building,15,1,1,0,13,11,อยู่ระหว่างรอขึ้นทะเบียน,2025-12-12 10:44:49
นายสุพจน์ แสงคำสัตย์,งานก่อ-ฉาบ,Baan Sansiri Bangna,14,0,0,0,14,14,,2025-12-18 09:01:57
บริษัท ที.ที.เอส. เอ็นจิเนียริ่ง (2004) จำกัด,งานเชฟตี้,Baan Sansiri Bangna,5,0,0,0,5,0,,2025-12-18 09:01:57
บริษัท ที.ที.เอส. เอ็นจิเนียริ่ง (2004) จำกัด,งานระบบไฟฟ้าประปา,Baan Sansiri Bangna,2,0,0,0,2,0,,2025-12-18 09:01:57
บริษัท ที.ที.เอส. เอ็นจิเนียริ่ง (2004) จำกัด,งานสโตร์,Baan Sansiri Bangna,4,0,0,0,4,0,,2025-12-18 09:01:57
บริษัท ที.ที.เอส. เอ็นจิเนียริ่ง (2004) จำกัด,งานสถาปัตย์,Baan Sansiri Bangna,8,0,0,0,8,0,,2025-12-18 09:01:57
บริษัท ที.ที.เอส. เอ็นจิเนียริ่ง (2004) จำกัด,งานสำรวจ,Baan Sansiri Bangna,2,1,0,0,1,0,,2025-12-18 09:01:57
บริษัท ที.ที.เอส. เอ็นจิเนียริ่ง (2004) จำกัด,บริการ,Baan Sansiri Bangna,2,2,0,0,0,0,,2025-12-18 09:01:57
TEXCA WALL(SIAMESE ECOLITE CO.LTD),งานติดต้ังแผ่น PRECAST,Baan Sansiri Bangna,25,3,0,0,22,22,,2025-12-18 09:01:57
บจก.พีพีคอนสตรัคชั่น ชุมแพ,ช่างเชื่อม,THYME,6,6,0,0,0,0,,2025-12-18 09:03:12
บจก.พีรญา ก่อสร้าง,งานสถาปัตย์,THYME,14,0,0,0,14,0,,2025-12-18 09:03:12
บจก.รอยยิ้มนักสู้ คอนสตรัคชั่น,งานโครงสร้าง,THYME,9,1,0,0,8,7,,2025-12-18 09:03:12
บจก.รุ่งเรืองนาม,งานสกิมโค้ทและงานสี,THYME,13,4,0,0,9,0,,2025-12-18 09:03:12
นายประสิทธิ์  คงสันเทียะ,ช่างกระเบื้อง,Bloom Mental Wellness Hospital,1,0,1,0,0,1,,2025-12-18 10:32:56
นายพัทธนันท์  ศรีชัย,ช่างกระเบื้อง,Bloom Mental Wellness Hospital,4,0,4,0,0,0,,2025-12-18 10:32:56
นายสุนทร ชอบธรรม,งานกระเบื้อง,Bloom Mental Wellness Hospital,2,0,2,0,0,2,,2025-12-18 10:32:56
บจก.รุ่งเรืองนาม,งานสกิมโค้ทและงานสี,Bloom Mental Wellness Hospital,14,5,1,0,8,3,,2025-12-18 10:32:56
บจก.แสงทวีสิน เอ็นจิเนียริ่ง,งานโครงสร้าง,Bloom Mental Wellness Hospital,4,1,0,0,3,0,,2025-12-18 10:32:56
บจก.A&G,งานประตู-หน้าต่าง อลูมิเนียมกระจก,Bloom Mental Wellness Hospital,7,3,0,0,4,0,,2025-12-18 10:32:56
บริษัท ที.ที.เอส. เอ็นจิเนียริ่ง (2004) จำกัด,กรรมกร,Bloom Mental Wellness Hospital,4,0,0,0,4,2,,2025-12-18 10:32:56
บริษัท ที.ที.เอส. เอ็นจิเนียริ่ง (2004) จำกัด,งานเซฟตี้,Bloom Mental Wellness Hospital,10,0,0,0,10,6,,2025-12-18 10:32:56
บริษัท ที.ที.เอส. เอ็นจิเนียริ่ง (2004) จำกัด,งานบริการ,Bloom Mental Wellness Hospital,4,0,1,0,3,1,,2025-12-18 10:32:56
บริษัท ที.ที.เอส. เอ็นจิเนียริ่ง (2004) จำกัด,งานสโตร์,Bloom Mental Wellness Hospital,3,0,0,0,3,3,,2025-12-18 10:32:56
บริษัท ที.ที.เอส. เอ็นจิเนียริ่ง (2004) จำกัด,งานสำรวจ,Bloom Mental Wellness Hospital,4,1,2,0,1,1,,2025-12-18 10:32:56
บริษัท ที.ที.เอส. เอ็นจิเนียริ่ง (2004) จำกัด,ช่างกระเบื้อง,Bloom Mental Wellness Hospital,6,0,4,0,2,0,,2025-12-18 10:32:56
บริษัท ที.ที.เอส. เอ็นจิเนียริ่ง (2004) จำกัด,ช่างปูน,Bloom Mental Wellness Hospital,8,0,0,0,8,5,,2025-12-18 10:32:56
บริษัท ยิปมั่นเทค จำกัด,งานฝ้าเพดาน,Bloom Mental Wellness Hospital,9,1,0,0,8,2,,2025-12-18 10:32:56
บจก.เค.ซี.เค.คอนสตรัคชั่น 2023,งานโครงสร้าง,Live Ramintra,29,0,0,0,29,29,แรงงานผิด กม.สัญชาติเมียนมา,2025-12-18 11:09:24
บจก.ดีประเสริฐ การช่าง,สถาปัตย์,Live Ramintra,12,0,0,0,12,0,,2025-12-18 11:09:24
บจก.ที.โอ.บี.ก่อสร้าง,งานโครงสร้าง,Live Ramintra,63,4,9,0,50,50,แรงงานผิด กม.สัญชาติเมียนมา,2025-12-18 11:09:24
บริษัท ที.ที.เอส. เอ็นจิเนียริ่ง (2004) จำกัด,งานระบบไฟฟ้า,Live Ramintra,4,1,0,0,3,1,แรงงานผิด กม.สัญชาติเมียนมา,2025-12-18 11:09:24
บริษัท ที.ที.เอส. เอ็นจิเนียริ่ง (2004) จำกัด,ช่างสำรวจ,Live Ramintra,6,0,1,0,5,2,แรงงานผิด กม.สัญชาติเมียนมา,2025-12-18 11:09:24
บริษัท ที.ที.เอส. เอ็นจิเนียริ่ง (2004) จำกัด,เซฟตี้,Live Ramintra,13,0,1,0,12,12,แรงงานผิด กม.สัญชาติเมียนมา,2025-12-18 11:09:24
บริษัท ที.ที.เอส. เอ็นจิเนียริ่ง (2004) จำกัด,พนักงานควบคุมแบ็คโฮ,Live Ramintra,1,1,0,0,0,0,,2025-12-18 11:09:24
บริษัท ที.ที.เอส. เอ็นจิเนียริ่ง (2004) จำกัด,พนักงานบังคับทาวเวอร์เครน,Live Ramintra,4,3,0,1,0,0,,2025-12-18 11:09:24
บริษัท ที.ที.เอส. เอ็นจิเนียริ่ง (2004) จำกัด,พนักงานริกเกอร์,Live Ramintra,3,2,0,1,0,0,,2025-12-18 11:09:24
บริษัท ที.ที.เอส. เอ็นจิเนียริ่ง (2004) จำกัด,แม่บ้าน,Live Ramintra,2,0,1,0,1,0,,2025-12-18 11:09:24
บริษัท ที.ที.เอส. เอ็นจิเนียริ่ง (2004) จำกัด,สโตร์,Live Ramintra,4,1,0,0,3,2,,2025-12-18 11:09:24
บริษัท ที.ที.เอส. เอ็นจิเนียริ่ง (2004) จำกัด,กรรมกร,Escent Nakhon Si,8,0,1,0,7,0,,2025-12-18 13:21:30
บริษัท ที.ที.เอส. เอ็นจิเนียริ่ง (2004) จำกัด,ช่างปูน,Escent Nakhon Si,7,0,0,0,7,0,,2025-12-18 13:21:30
บริษัท ที.ที.เอส. เอ็นจิเนียริ่ง (2004) จำกัด,เซฟตี้,Escent Nakhon Si,8,0,5,0,3,0,,2025-12-18 13:21:30
บริษัท ที.ที.เอส. เอ็นจิเนียริ่ง (2004) จำกัด,เซอร์เวย์,Escent Nakhon Si,4,1,1,0,2,0,,2025-12-18 13:21:30
บริษัท ที.ที.เอส. เอ็นจิเนียริ่ง (2004) จำกัด,บริการ,Escent Nakhon Si,1,0,1,0,0,0,,2025-12-18 13:21:30
บริษัท ที.ที.เอส. เอ็นจิเนียริ่ง (2004) จำกัด,พนักงานบังคับทาวเวอร์เครน,Escent Nakhon Si,3,3,0,0,0,0,,2025-12-18 13:21:30
บริษัท ที.ที.เอส. เอ็นจิเนียริ่ง (2004) จำกัด,พนักงานริกเกอร์,Escent Nakhon Si,3,0,3,0,0,0,,2025-12-18 13:21:30
บริษัท ที.ที.เอส. เอ็นจิเนียริ่ง (2004) จำกัด,สโตร์,Escent Nakhon Si,4,0,4,0,0,0,,2025-12-18 13:21:30
บริษัท ที.ที.เอส. เอ็นจิเนียริ่ง (2004) จำกัด,Head Man บริการ,Escent Nakhon Si,2,0,2,0,0,0,,2025-12-18 13:21:30
บริษัท ที.ที.เอส. เอ็นจิเนียริ่ง (2004) จำกัด,HM.สถาปัตย์,Escent Nakhon Si,1,0,0,0,1,0,,2025-12-18 13:21:30
บริษัท บิวเทค จำกัด,งานระบบไฟฟ้า,Escent Nakhon Si,71,71,0,0,0,0,,2025-12-18 13:21:30
บริษัท โพส แอนด์ พรีคาส จำกัด,งานโครงสร้าง,Escent Nakhon Si,24,24,0,0,0,0,,2025-12-18 13:21:30
บริษัท วิทวัตร การก่อสร้าง จำกัด,งานโครงสร้าง,Escent Nakhon Si,42,3,21,1,17,0,,2025-12-18 13:21:30
บริษัท สำเริงชัย 1963 จำกัด,งานก่อ-ฉาบ,Escent Nakhon Si,30,0,0,0,30,0,,2025-12-18 13:21:30
นางสาวเจนจิรา ณัฐศรันย์ดา,งานก่อ-ฉาบ,Renovation of UFM Building,10,2,0,0,8,8,,2025-12-18 15:57:13
บจก.เดโชเซี่ยงไฮ้เฟอร์นิเจอร์และก่อสร้าง,สถาปัตย์,Renovation of UFM Building,6,1,0,0,5,3,,2025-12-18 15:57:13
บริษัท ที.ที.เอส. เอ็นจิเนียริ่ง (2004) จำกัด,กรรมกร,Renovation of UFM Building,13,0,0,0,13,8,,2025-12-18 15:57:13
บริษัท ที.ที.เอส. เอ็นจิเนียริ่ง (2004) จำกัด,งานสกิมโค้ทและงานสี,Renovation of UFM Building,5,0,0,0,5,0,,2025-12-18 15:57:13
บริษัท ที.ที.เอส. เอ็นจิเนียริ่ง (2004) จำกัด,ช่างกระเบื้อง,Renovation of UFM Building,2,0,0,0,2,0,,2025-12-18 15:57:13
บริษัท ที.ที.เอส. เอ็นจิเนียริ่ง (2004) จำกัด,ช่างปูน,Renovation of UFM Building,2,0,0,0,2,0,,2025-12-18 15:57:13
บริษัท ที.ที.เอส. เอ็นจิเนียริ่ง (2004) จำกัด,พนักงานขับรถยก,Renovation of UFM Building,1,0,0,0,1,0,,2025-12-18 15:57:13
บริษัท ที.ที.เอส. เอ็นจิเนียริ่ง (2004) จำกัด,สโตร์,Renovation of UFM Building,1,0,1,0,0,0,,2025-12-18 15:57:13
บริษัท ที.ที.เอส. เอ็นจิเนียริ่ง (2004) จำกัด,สถาปัตย์,Renovation of UFM Building,2,0,0,0,2,0,,2025-12-18 15:57:13
หจก. พี.อาร์.การช่าง,งานโครงหลังคา,Renovation of UFM Building,10,10,0,0,0,0,,2025-12-18 15:57:13
บจก.คูริฮารา (ประเทศไทย),งานระบบเครื่องปรับอากาศ,Renovation of UFM Building,11,8,0,3,0,0,,2025-12-18 15:57:13
บจก.คูริฮารา (ประเทศไทย),งานไฟฟ้า,Renovation of UFM Building,11,11,0,0,0,0,,2025-12-18 15:57:13
บจก.ชวิน เอ็นจิเนียริ่ง,งานระบบสุขาภิบาล,S'RIN Ratchaphruek Sai1,4,0,0,0,4,0,,2025-12-18 15:58:36
บจก.เอยูเอ็ม แอร์เซอร์วิส,งานระบบเครื่องปรับอากาศ,S'RIN Ratchaphruek Sai1,3,3,0,0,0,0,,2025-12-18 15:58:36
บริษัท ที.ที.เอส. เอ็นจิเนียริ่ง (2004) จำกัด,กรรมกร,S'RIN Ratchaphruek Sai1,3,2,0,0,1,0,,2025-12-18 15:58:36
บริษัท ที.ที.เอส. เอ็นจิเนียริ่ง (2004) จำกัด,งานสกิมโค้ทและงานสี,S'RIN Ratchaphruek Sai1,2,0,0,0,2,0,,2025-12-18 15:58:36
บริษัท ที.ที.เอส. เอ็นจิเนียริ่ง (2004) จำกัด,สโตร์,S'RIN Ratchaphruek Sai1,1,1,0,0,0,0,,2025-12-18 15:58:36
บริษัท ที.ที.เอส. เอ็นจิเนียริ่ง (2004) จำกัด,Head Man งานสถาปัตย์,S'RIN Ratchaphruek Sai1,4,1,0,0,3,0,,2025-12-18 15:58:36
นางอรัญญา กลัดเข็มทอง (สันติ),งานไฟฟ้า,Sukhumvit 29 Hotel,3,0,0,3,0,3,,2025-12-18 19:07:58
หจก.จิตติพัฒน์ เจริญทรัพย์,เก็บงาน QC,Sukhumvit 29 Hotel,4,0,0,0,4,3,,2025-12-18 19:07:58
นายสิทธิ์ศักดิ์ แสงอรุณ (สมพงษ์),เก็บงาน QC,Canopy by Hilton (CBH SKV12),32,2,0,0,30,20,ผิด กม.เมียนมา 20,2025-12-18 19:13:21
นายสุริยะ สิงห์สำราญ (เอมอร),เก็บงาน QC,Canopy by Hilton (CBH SKV12),45,2,0,0,43,4,ผิด กม.เมียนมา 4,2025-12-18 19:13:21
บริษัท ที.ที.เอส. เอ็นจิเนียริ่ง (2004) จำกัด,กรรมกร,Canopy by Hilton (CBH SKV12),3,0,2,0,1,0,,2025-12-18 19:13:21
บริษัท ที.ที.เอส. เอ็นจิเนียริ่ง (2004) จำกัด,ช่างกระเบื้อง,Canopy by Hilton (CBH SKV12),3,0,2,0,1,1,ผิด กม.เมียนมา 1,2025-12-18 19:13:21
บริษัท ที.ที.เอส. เอ็นจิเนียริ่ง (2004) จำกัด,ช่างสำรวจ DC,Canopy by Hilton (CBH SKV12),6,2,2,0,2,1,ผิด กม.เมียนมา 1,2025-12-18 19:13:21
บริษัท ที.ที.เอส. เอ็นจิเนียริ่ง (2004) จำกัด,สโตร์,Canopy by Hilton (CBH SKV12),7,2,0,0,5,1,ผิด กม.เมียนมา 1,2025-12-18 19:13:21
บริษัท ที.ที.เอส. เอ็นจิเนียริ่ง (2004) จำกัด,SAFETY,Canopy by Hilton (CBH SKV12),7,0,2,0,5,3,"ผิด กม.เมียนมา 1 ,กัมพูชา 2",2025-12-18 19:13:21
บริษัท ที.ที.เอส. เอ็นจิเนียริ่ง (2004) จำกัด,service,Canopy by Hilton (CBH SKV12),6,3,3,0,0,1,ผิด กม.กัมพูชา 1,2025-12-18 19:13:21
หจก.จิตติพัฒน์ เจริญทรัพย์,เก็บงาน QC,Canopy by Hilton (CBH SKV12),56,1,0,10,45,45,"ผิด กม.เมียนมา 35 ,ลาว 10",2025-12-18 19:13:21
บริษัท ที.ที.เอส. เอ็นจิเนียริ่ง (2004) จำกัด,กรรมกร,Image 49,1,0,1,0,0,0,,2025-12-19 08:26:04
บริษัท ที.ที.เอส. เอ็นจิเนียริ่ง (2004) จำกัด,งานสกิมโค้ทและงานสี,Image 49,1,0,0,0,1,0,,2025-12-19 08:26:04
บริษัท ที.ที.เอส. เอ็นจิเนียริ่ง (2004) จำกัด,เซฟตี้,Image 49,2,0,0,0,2,0,,2025-12-19 08:26:04
นายสมศักดิ์ นุกูล,งานโครงสร้าง,Valles Haus,10,10,0,0,0,0,,2025-12-19 08:28:03
บจก.ที.โอ.บี ก่อสร้าง,งานโครงสร้าง,Valles Haus,65,1,0,0,64,58,,2025-12-19 08:28:03
บจก.เที่ยงตรง คอนสทรัคชั่น (2024),งานโครงสร้าง,Valles Haus,60,0,0,0,60,51,,2025-12-19 08:28:03
บจก.รอยยิ้มนักสู้ คอนสตรัคชั่น,งานโครงสร้าง,Valles Haus,24,0,0,0,24,18,,2025-12-19 08:28:03
บริษัท ที.ที.เอส. เอ็นจิเนียริ่ง (2004) จำกัด,กรรมกร,Valles Haus,11,0,6,0,5,0,,2025-12-19 08:28:03
บริษัท ที.ที.เอส. เอ็นจิเนียริ่ง (2004) จำกัด,งานไฟฟ้า,Valles Haus,4,0,3,0,1,0,,2025-12-19 08:28:03
บริษัท ที.ที.เอส. เอ็นจิเนียริ่ง (2004) จำกัด,งานสกิมโค้ทและงานสี,Valles Haus,11,0,2,0,9,0,,2025-12-19 08:28:03
บริษัท ที.ที.เอส. เอ็นจิเนียริ่ง (2004) จำกัด,ช่างสำรวจ,Valles Haus,8,2,0,0,6,3,,2025-12-19 08:28:03
บริษัท ที.ที.เอส. เอ็นจิเนียริ่ง (2004) จำกัด,เซฟตี้,Valles Haus,10,0,1,0,9,8,,2025-12-19 08:28:03
บริษัท ที.ที.เอส. เอ็นจิเนียริ่ง (2004) จำกัด,พนักงานบังคับทาวเวอร์เครน,Valles Haus,6,6,0,0,0,0,,2025-12-19 08:28:03
บริษัท ที.ที.เอส. เอ็นจิเนียริ่ง (2004) จำกัด,พนักงานริกเกอร์,Valles Haus,3,3,0,0,0,0,,2025-12-19 08:28:03
บริษัท ที.ที.เอส. เอ็นจิเนียริ่ง (2004) จำกัด,แม่บ้าน,Valles Haus,1,0,1,0,0,0,,2025-12-19 08:28:03
บริษัท ที.ที.เอส. เอ็นจิเนียริ่ง (2004) จำกัด,สโตร์,Valles Haus,9,1,2,0,6,2,,2025-12-19 08:28:03
บริษัท วิทวัตร การก่อสร้าง จำกัด,งานโครงสร้าง,Valles Haus,31,5,1,0,25,26,,2025-12-19 08:28:03
นางสาวเจนจิรา ณัฐศรันย์ดา,งานก่อ-ฉาบ,Renovation of UFM Building,10,2,0,0,8,8,,2025-12-25 14:49:33
บจก.คูริฮารา (ประเทศไทย),งานไฟฟ้า,Renovation of UFM Building,9,9,0,0,0,0,,2025-12-25 14:49:33
บจก.คูริฮารา (ประเทศไทย),งานระบบเครื่องปรับอากาศ,Renovation of UFM Building,6,3,0,3,0,0,,2025-12-25 14:49:33
บจก.เดโชเซี่ยงไฮ้เฟอร์นิเจอร์และก่อสร้าง,สถาปัตย์,Renovation of UFM Building,6,1,0,0,5,3,,2025-12-25 14:49:33
บริษัท ที.ที.เอส. เอ็นจิเนียริ่ง (2004) จำกัด,กรรมกร,Renovation of UFM Building,13,0,0,0,13,8,,2025-12-25 14:49:33
บริษัท ที.ที.เอส. เอ็นจิเนียริ่ง (2004) จำกัด,งานสกิมโค้ทและงานสี,Renovation of UFM Building,5,0,0,0,5,0,,2025-12-25 14:49:33
บริษัท ที.ที.เอส. เอ็นจิเนียริ่ง (2004) จำกัด,ช่างกระเบื้อง,Renovation of UFM Building,2,0,0,0,2,0,,2025-12-25 14:49:33
บริษัท ที.ที.เอส. เอ็นจิเนียริ่ง (2004) จำกัด,ช่างปูน,Renovation of UFM Building,2,0,0,0,2,0,,2025-12-25 14:49:33
บริษัท ที.ที.เอส. เอ็นจิเนียริ่ง (2004) จำกัด,พนักงานขับรถยก,Renovation of UFM Building,1,0,0,0,1,0,,2025-12-25 14:49:33
บริษัท ที.ที.เอส. เอ็นจิเนียริ่ง (2004) จำกัด,สโตร์,Renovation of UFM Building,1,0,1,0,0,0,,2025-12-25 14:49:33
บริษัท ที.ที.เอส. เอ็นจิเนียริ่ง (2004) จำกัด,สถาปัตย์,Renovation of UFM Building,2,0,0,0,2,0,,2025-12-25 14:49:33
หจก. พี.อาร์.การช่าง,งานโครงหลังคา,Renovation of UFM Building,10,10,0,0,0,0,,2025-12-25 14:49:33
บจก.ชวิน เอ็นจิเนียริ่ง,งานระบบสุขาภิบาล,S'RIN Ratchaphruek Sai1,7,0,0,0,7,0,,2025-12-25 15:40:15
บจก.เอยูเอ็ม แอร์เซอร์วิส,งานระบบเครื่องปรับอากาศ,S'RIN Ratchaphruek Sai1,3,3,0,0,0,0,,2025-12-25 15:40:15
บริษัท ที.ที.เอส. เอ็นจิเนียริ่ง (2004) จำกัด,กรรมกร,S'RIN Ratchaphruek Sai1,3,2,0,0,1,0,,2025-12-25 15:40:15
บริษัท ที.ที.เอส. เอ็นจิเนียริ่ง (2004) จำกัด,งานสกิมโค้ทและงานสี,S'RIN Ratchaphruek Sai1,2,0,0,0,2,0,,2025-12-25 15:40:15
บริษัท ที.ที.เอส. เอ็นจิเนียริ่ง (2004) จำกัด,สโตร์,S'RIN Ratchaphruek Sai1,1,1,0,0,0,0,,2025-12-25 15:40:15
บริษัท ที.ที.เอส. เอ็นจิเนียริ่ง (2004) จำกัด,Head Man งานสถาปัตย์,S'RIN Ratchaphruek Sai1,4,1,0,0,3,0,,2025-12-25 15:40:15
บจก.เสาร์ห้า เอ็นจิเนียริ่ง,งานระบบไฟฟ้า,S'RIN Ratchaphruek Sai1,11,11,0,0,0,0,,2025-12-25 15:40:15
นางสาวหวาน แสงคำ,งานฝ้าเพดาน,S'RIN Ratchaphruek Sai1,6,0,0,0,6,0,,2025-12-25 15:40:15
นายวัฒนะชัย ขาวงาม,ช่างกระเบื้อง,S'RIN Ratchaphruek Sai1,7,0,0,0,7,0,,2025-12-25 15:40:15
บจก.เค.ซี.เค.คอนสตรัคชั่น 2023,งานโครงสร้าง,Live Ramintra,29,0,0,0,29,29,แรงงานต่างด้าว มติ ครม.11 พ.ย.68,2025-12-25 17:05:21
บจก.ดีประเสริฐ การช่าง,สถาปัตย์,Live Ramintra,12,0,0,0,12,0,,2025-12-25 17:05:21
บจก.ที.โอ.บี.ก่อสร้าง,งานโครงสร้าง,Live Ramintra,58,4,9,0,45,45,แรงงานต่างด้าว มติ ครม.11 พ.ย.68,2025-12-25 17:05:21
บริษัท ที.ที.เอส. เอ็นจิเนียริ่ง (2004) จำกัด,งานระบบไฟฟ้า,Live Ramintra,4,1,0,0,3,1,แรงงานต่างด้าว มติ ครม.11 พ.ย.68,2025-12-25 17:05:21
บริษัท ที.ที.เอส. เอ็นจิเนียริ่ง (2004) จำกัด,ช่างสำรวจ,Live Ramintra,5,0,1,0,4,1,แรงงานต่างด้าว มติ ครม.11 พ.ย.68,2025-12-25 17:05:21
บริษัท ที.ที.เอส. เอ็นจิเนียริ่ง (2004) จำกัด,เซฟตี้,Live Ramintra,13,0,1,0,12,12,แรงงานต่างด้าว มติ ครม.11 พ.ย.68,2025-12-25 17:05:21
บริษัท ที.ที.เอส. เอ็นจิเนียริ่ง (2004) จำกัด,พนักงานควบคุมแบ็คโฮ,Live Ramintra,1,1,0,0,0,0,,2025-12-25 17:05:21
บริษัท ที.ที.เอส. เอ็นจิเนียริ่ง (2004) จำกัด,พนักงานบังคับทาวเวอร์เครน,Live Ramintra,4,3,0,1,0,0,,2025-12-25 17:05:21
บริษัท ที.ที.เอส. เอ็นจิเนียริ่ง (2004) จำกัด,พนักงานริกเกอร์,Live Ramintra,3,2,0,1,0,0,,2025-12-25 17:05:21
บริษัท ที.ที.เอส. เอ็นจิเนียริ่ง (2004) จำกัด,แม่บ้าน,Live Ramintra,2,0,1,0,1,0,,2025-12-25 17:05:21
บริษัท ที.ที.เอส. เอ็นจิเนียริ่ง (2004) จำกัด,สโตร์,Live Ramintra,4,1,0,0,3,2,,2025-12-25 17:05:21
นายประสิทธิ์  คงสันเทียะ,ช่างกระเบื้อง,Bloom Mental Wellness Hospital,1,0,1,0,0,1,,2025-12-25 17:16:32
นายพัทธนันท์  ศรีชัย,ช่างกระเบื้อง,Bloom Mental Wellness Hospital,4,0,4,0,0,0,,2025-12-25 17:16:32
นายสุนทร ชอบธรรม,งานกระเบื้อง,Bloom Mental Wellness Hospital,2,0,2,0,0,2,,2025-12-25 17:16:32
บจก.รุ่งเรืองนาม,งานสกิมโค้ทและงานสี,Bloom Mental Wellness Hospital,14,5,1,0,8,3,,2025-12-25 17:16:32
บจก.แสงทวีสิน เอ็นจิเนียริ่ง,งานโครงสร้าง,Bloom Mental Wellness Hospital,4,1,0,0,3,0,,2025-12-25 17:16:32
บจก.A&G,งานประตู-หน้าต่าง อลูมิเนียมกระจก,Bloom Mental Wellness Hospital,7,3,0,0,4,0,,2025-12-25 17:16:32
บจก.CPP. DEVELOPMENT,งานผนัง privazy wall,Bloom Mental Wellness Hospital,7,7,0,0,0,0,,2025-12-25 17:16:32
บริษัท ที.ที.เอส. เอ็นจิเนียริ่ง (2004) จำกัด,กรรมกร,Bloom Mental Wellness Hospital,4,0,0,0,4,4,,2025-12-25 17:16:32
บริษัท ที.ที.เอส. เอ็นจิเนียริ่ง (2004) จำกัด,งานเซฟตี้,Bloom Mental Wellness Hospital,10,0,0,0,10,6,,2025-12-25 17:16:32
บริษัท ที.ที.เอส. เอ็นจิเนียริ่ง (2004) จำกัด,งานบริการ,Bloom Mental Wellness Hospital,4,0,1,0,3,1,,2025-12-25 17:16:32
บริษัท ที.ที.เอส. เอ็นจิเนียริ่ง (2004) จำกัด,งานสโตร์,Bloom Mental Wellness Hospital,3,0,0,0,3,3,,2025-12-25 17:16:32
บริษัท ที.ที.เอส. เอ็นจิเนียริ่ง (2004) จำกัด,งานสำรวจ,Bloom Mental Wellness Hospital,4,1,2,0,1,1,,2025-12-25 17:16:32
บริษัท ที.ที.เอส. เอ็นจิเนียริ่ง (2004) จำกัด,ช่างกระเบื้อง,Bloom Mental Wellness Hospital,6,0,4,0,2,0,,2025-12-25 17:16:32
บริษัท ที.ที.เอส. เอ็นจิเนียริ่ง (2004) จำกัด,ช่างปูน,Bloom Mental Wellness Hospital,8,0,0,0,8,5,,2025-12-25 17:16:32
บริษัท ยิปมั่นเทค จำกัด,งานฝ้าเพดาน,Bloom Mental Wellness Hospital,9,1,0,0,8,2,,2025-12-25 17:16:32
นายประสิทธิ์  คงสันเทียะ,ช่างกระเบื้อง,Bloom Mental Wellness Hospital,1,0,1,0,0,1,,2026-01-08 11:03:18
นายพัทธนันท์  ศรีชัย,ช่างกระเบื้อง,Bloom Mental Wellness Hospital,2,0,2,0,0,0,,2026-01-08 11:03:18
นายสุนทร ชอบธรรม,งานกระเบื้อง,Bloom Mental Wellness Hospital,2,0,2,0,0,2,,2026-01-08 11:03:18
บจก.รุ่งเรืองนาม,งานสกิมโค้ทและงานสี,Bloom Mental Wellness Hospital,13,5,1,0,7,3,,2026-01-08 11:03:18
บจก.แสงทวีสิน เอ็นจิเนียริ่ง,งานโครงสร้าง,Bloom Mental Wellness Hospital,4,1,0,0,3,0,,2026-01-08 11:03:18
บจก.A&G,งานประตู-หน้าต่าง อลูมิเนียมกระจก,Bloom Mental Wellness Hospital,7,3,0,0,4,0,,2026-01-08 11:03:18
บริษัท ที.ที.เอส. เอ็นจิเนียริ่ง (2004) จำกัด,กรรมกร,Bloom Mental Wellness Hospital,6,0,0,0,6,6,,2026-01-08 11:03:18
บริษัท ที.ที.เอส. เอ็นจิเนียริ่ง (2004) จำกัด,งานเซฟตี้,Bloom Mental Wellness Hospital,10,0,0,0,10,6,,2026-01-08 11:03:18
บริษัท ที.ที.เอส. เอ็นจิเนียริ่ง (2004) จำกัด,งานบริการ,Bloom Mental Wellness Hospital,3,0,0,0,3,1,,2026-01-08 11:03:18
บริษัท ที.ที.เอส. เอ็นจิเนียริ่ง (2004) จำกัด,งานสโตร์,Bloom Mental Wellness Hospital,3,0,0,0,3,3,,2026-01-08 11:03:18
บริษัท ที.ที.เอส. เอ็นจิเนียริ่ง (2004) จำกัด,งานสำรวจ,Bloom Mental Wellness Hospital,2,1,0,0,1,1,,2026-01-08 11:03:18
บริษัท ที.ที.เอส. เอ็นจิเนียริ่ง (2004) จำกัด,ช่างกระเบื้อง,Bloom Mental Wellness Hospital,1,0,0,0,1,0,,2026-01-08 11:03:18
บริษัท ที.ที.เอส. เอ็นจิเนียริ่ง (2004) จำกัด,ช่างปูน,Bloom Mental Wellness Hospital,8,0,0,0,8,5,,2026-01-08 11:03:18
บริษัท ยิปมั่นเทค จำกัด,งานฝ้าเพดาน,Bloom Mental Wellness Hospital,9,1,0,0,8,2,,2026-01-08 11:03:18
นายพิชญานนท์  คำฝั้น,งานโครงหลังคา,Bloom Mental Wellness Hospital,8,5,1,1,1,0,,2026-01-08 11:03:18
บริษัท ที.ที.เอส. เอ็นจิเนียริ่ง (2004) จำกัด,กรรมกร,Escent Nakhon Si,8,0,1,0,7,0,,2026-01-08 14:17:37
บริษัท ที.ที.เอส. เอ็นจิเนียริ่ง (2004) จำกัด,ช่างปูน,Escent Nakhon Si,7,0,0,0,7,0,,2026-01-08 14:17:37
บริษัท ที.ที.เอส. เอ็นจิเนียริ่ง (2004) จำกัด,เซฟตี้,Escent Nakhon Si,8,0,5,0,3,0,,2026-01-08 14:17:37
บริษัท ที.ที.เอส. เอ็นจิเนียริ่ง (2004) จำกัด,เซอร์เวย์,Escent Nakhon Si,4,1,1,0,2,0,,2026-01-08 14:17:37
บริษัท ที.ที.เอส. เอ็นจิเนียริ่ง (2004) จำกัด,บริการ,Escent Nakhon Si,1,0,1,0,0,0,,2026-01-08 14:17:37
บริษัท ที.ที.เอส. เอ็นจิเนียริ่ง (2004) จำกัด,พนักงานบังคับทาวเวอร์เครน,Escent Nakhon Si,3,3,0,0,0,0,,2026-01-08 14:17:37
บริษัท ที.ที.เอส. เอ็นจิเนียริ่ง (2004) จำกัด,พนักงานริกเกอร์,Escent Nakhon Si,3,0,3,0,0,0,,2026-01-08 14:17:37
บริษัท ที.ที.เอส. เอ็นจิเนียริ่ง (2004) จำกัด,สโตร์,Escent Nakhon Si,4,0,4,0,0,0,,2026-01-08 14:17:37
บริษัท ที.ที.เอส. เอ็นจิเนียริ่ง (2004) จำกัด,Head Man บริการ,Escent Nakhon Si,2,0,2,0,0,0,,2026-01-08 14:17:37
บริษัท ที.ที.เอส. เอ็นจิเนียริ่ง (2004) จำกัด,HM.สถาปัตย์,Escent Nakhon Si,1,0,0,0,1,0,,2026-01-08 14:17:37
บริษัท บิวเทค จำกัด,งานระบบไฟฟ้า,Escent Nakhon Si,71,71,0,0,0,0,,2026-01-08 14:17:37
บริษัท โพส แอนด์ พรีคาส จำกัด,งานโครงสร้าง,Escent Nakhon Si,24,24,0,0,0,0,,2026-01-08 14:17:37
บริษัท วิทวัตร การก่อสร้าง จำกัด,งานโครงสร้าง,Escent Nakhon Si,41,2,21,1,17,0,,2026-01-08 14:17:37
บริษัท สำเริงชัย 1963 จำกัด,งานก่อ-ฉาบ,Escent Nakhon Si,30,0,0,0,30,0,,2026-01-08 14:17:37
บริษัท ที.ที.เอส. เอ็นจิเนียริ่ง (2004) จำกัด,กรรมกร,Image 49,1,0,1,0,0,0,,2026-01-08 14:25:50
บริษัท ที.ที.เอส. เอ็นจิเนียริ่ง (2004) จำกัด,งานสกิมโค้ทและงานสี,Image 49,1,0,0,0,1,0,,2026-01-08 14:25:50
บริษัท ที.ที.เอส. เอ็นจิเนียริ่ง (2004) จำกัด,เซฟตี้,Image 49,2,0,0,0,2,0,,2026-01-08 14:25:50
นายสมศักดิ์ นุกูล,งานโครงสร้าง,Valles Haus,7,7,0,0,0,0,,2026-01-08 15:34:40
บจก.ที.โอ.บี ก่อสร้าง,งานโครงสร้าง,Valles Haus,49,1,0,0,48,0,,2026-01-08 15:34:40
บจก.เที่ยงตรง คอนสทรัคชั่น (2024),งานโครงสร้าง,Valles Haus,50,0,0,0,50,0,,2026-01-08 15:34:40
บจก.รอยยิ้มนักสู้ คอนสตรัคชั่น,งานโครงสร้าง,Valles Haus,26,0,0,0,26,2,,2026-01-08 15:34:40
บริษัท ที.ที.เอส. เอ็นจิเนียริ่ง (2004) จำกัด,กรรมกร,Valles Haus,11,0,6,0,5,0,,2026-01-08 15:34:40
บริษัท ที.ที.เอส. เอ็นจิเนียริ่ง (2004) จำกัด,งานไฟฟ้า,Valles Haus,4,0,3,0,1,0,,2026-01-08 15:34:40
บริษัท ที.ที.เอส. เอ็นจิเนียริ่ง (2004) จำกัด,งานสกิมโค้ทและงานสี,Valles Haus,11,0,2,0,9,0,,2026-01-08 15:34:40
บริษัท ที.ที.เอส. เอ็นจิเนียริ่ง (2004) จำกัด,ช่างสำรวจ,Valles Haus,8,2,0,0,6,0,,2026-01-08 15:34:40
บริษัท ที.ที.เอส. เอ็นจิเนียริ่ง (2004) จำกัด,เซฟตี้,Valles Haus,10,0,1,0,9,0,,2026-01-08 15:34:40
บริษัท ที.ที.เอส. เอ็นจิเนียริ่ง (2004) จำกัด,พนักงานบังคับทาวเวอร์เครน,Valles Haus,6,6,0,0,0,0,,2026-01-08 15:34:40
บริษัท ที.ที.เอส. เอ็นจิเนียริ่ง (2004) จำกัด,พนักงานริกเกอร์,Valles Haus,3,3,0,0,0,0,,2026-01-08 15:34:40
บริษัท ที.ที.เอส. เอ็นจิเนียริ่ง (2004) จำกัด,แม่บ้าน,Valles Haus,1,0,1,0,0,0,,2026-01-08 15:34:40
บริษัท ที.ที.เอส. เอ็นจิเนียริ่ง (2004) จำกัด,สโตร์,Valles Haus,8,1,2,0,5,0,,2026-01-08 15:34:40
บริษัท วิทวัตร การก่อสร้าง จำกัด,งานโครงสร้าง,Valles Haus,30,3,1,0,26,0,,2026-01-08 15:34:40
นางอรัญญา กลัดเข็มทอง (สันติ),งานไฟฟ้า,Sukhumvit 29 Hotel,3,0,0,3,0,3,,2026-01-08 16:08:35
หจก.จิตติพัฒน์ เจริญทรัพย์,เก็บงาน QC,Sukhumvit 29 Hotel,4,0,0,0,4,3,,2026-01-08 16:08:35
นายสิทธิ์ศักดิ์ แสงอรุณ (สมพงษ์),เก็บงาน QC,Canopy by Hilton (CBH SKV12),27,2,0,0,25,15,ผิด กม.เมียนมา 15,2026-01-08 18:12:56
บริษัท ที.ที.เอส. เอ็นจิเนียริ่ง (2004) จำกัด,กรรมกร,Canopy by Hilton (CBH SKV12),4,0,2,0,2,1,ผิด กม.เมียนมา 1,2026-01-08 18:12:56
บริษัท ที.ที.เอส. เอ็นจิเนียริ่ง (2004) จำกัด,ช่างกระเบื้อง,Canopy by Hilton (CBH SKV12),3,0,2,0,1,1,ผิด กม.กัมพูชา 1,2026-01-08 18:12:56
บริษัท ที.ที.เอส. เอ็นจิเนียริ่ง (2004) จำกัด,ช่างสำรวจ DC,Canopy by Hilton (CBH SKV12),6,2,2,0,2,1,ผิด กม.เมียนมา 1,2026-01-08 18:12:56
บริษัท ที.ที.เอส. เอ็นจิเนียริ่ง (2004) จำกัด,สโตร์,Canopy by Hilton (CBH SKV12),7,2,0,0,5,1,ผิด กม.เมียนมา 1,2026-01-08 18:12:56
บริษัท ที.ที.เอส. เอ็นจิเนียริ่ง (2004) จำกัด,SAFETY,Canopy by Hilton (CBH SKV12),7,0,2,0,5,3,ผิด กม.เมียนมา 1 กัมพูชา 2,2026-01-08 18:12:56
บริษัท ที.ที.เอส. เอ็นจิเนียริ่ง (2004) จำกัด,service,Canopy by Hilton (CBH SKV12),5,2,3,0,0,1,ผิด กม.กัมพูชา 1,2026-01-08 18:12:56
หจก.จิตติพัฒน์ เจริญทรัพย์,เก็บงาน QC,Canopy by Hilton (CBH SKV12),33,0,0,8,25,13,ผิด กม.เมียนมา 7 ลาว 7,2026-01-08 18:12:56
บริษัท ที.ที.เอส. เอ็นจิเนียริ่ง (2004) จำกัด,ช่างสี,Canopy by Hilton (CBH SKV12),2,0,0,0,2,2,ผิด กม.เมียนมา 2,2026-01-08 18:12:56
บริษัท ที.ที.เอส. เอ็นจิเนียริ่ง (2004) จำกัด,ช่างปูน,Canopy by Hilton (CBH SKV12),1,0,0,0,1,0,ผิด กม.เมียนมา 1,2026-01-08 18:12:56
นายวัฒนะชัย ขาวงาม,ช่างกระเบื้อง,S'RIN Ratchaphruek Sai1,7,0,0,0,7,0,,2026-01-09 16:56:53
บจก.ชวิน เอ็นจิเนียริ่ง,งานระบบสุขาภิบาล,S'RIN Ratchaphruek Sai1,4,0,0,0,4,0,,2026-01-09 16:56:53
บจก.เอยูเอ็ม แอร์เซอร์วิส,งานระบบเครื่องปรับอากาศ,S'RIN Ratchaphruek Sai1,3,3,0,0,0,0,,2026-01-09 16:56:53
บริษัท ที.ที.เอส. เอ็นจิเนียริ่ง (2004) จำกัด,กรรมกร,S'RIN Ratchaphruek Sai1,3,2,0,0,1,0,,2026-01-09 16:56:53
บริษัท ที.ที.เอส. เอ็นจิเนียริ่ง (2004) จำกัด,งานสกิมโค้ทและงานสี,S'RIN Ratchaphruek Sai1,2,0,0,0,2,0,,2026-01-09 16:56:53
บริษัท ที.ที.เอส. เอ็นจิเนียริ่ง (2004) จำกัด,สโตร์,S'RIN Ratchaphruek Sai1,1,1,0,0,0,0,,2026-01-09 16:56:53
บริษัท ที.ที.เอส. เอ็นจิเนียริ่ง (2004) จำกัด,Head Man งานสถาปัตย์,S'RIN Ratchaphruek Sai1,4,1,0,0,3,0,,2026-01-09 16:56:53
นางสาวเจนจิรา ณัฐศรันย์ดา,งานก่อ-ฉาบ,Renovation of UFM Building,10,2,0,0,8,8,,2026-01-09 17:00:25
บจก.คูริฮารา (ประเทศไทย),งานไฟฟ้า,Renovation of UFM Building,24,24,0,0,0,0,,2026-01-09 17:00:25
บจก.คูริฮารา (ประเทศไทย),งานระบบเครื่องปรับอากาศ,Renovation of UFM Building,6,3,0,3,0,0,,2026-01-09 17:00:25
บจก.เดโชเซี่ยงไฮ้เฟอร์นิเจอร์และก่อสร้าง,สถาปัตย์,Renovation of UFM Building,17,1,0,0,16,2,,2026-01-09 17:00:25
บริษัท ที.ที.เอส. เอ็นจิเนียริ่ง (2004) จำกัด,กรรมกร,Renovation of UFM Building,13,0,0,0,13,8,,2026-01-09 17:00:25
บริษัท ที.ที.เอส. เอ็นจิเนียริ่ง (2004) จำกัด,งานสกิมโค้ทและงานสี,Renovation of UFM Building,5,0,0,0,5,0,,2026-01-09 17:00:25
บริษัท ที.ที.เอส. เอ็นจิเนียริ่ง (2004) จำกัด,ช่างกระเบื้อง,Renovation of UFM Building,2,0,0,0,2,0,,2026-01-09 17:00:25
บริษัท ที.ที.เอส. เอ็นจิเนียริ่ง (2004) จำกัด,ช่างปูน,Renovation of UFM Building,2,0,0,0,2,0,,2026-01-09 17:00:25
บริษัท ที.ที.เอส. เอ็นจิเนียริ่ง (2004) จำกัด,พนักงานขับรถยก,Renovation of UFM Building,1,0,0,0,1,0,,2026-01-09 17:00:25
บริษัท ที.ที.เอส. เอ็นจิเนียริ่ง (2004) จำกัด,สโตร์,Renovation of UFM Building,1,0,1,0,0,0,,2026-01-09 17:00:25
บริษัท ที.ที.เอส. เอ็นจิเนียริ่ง (2004) จำกัด,สถาปัตย์,Renovation of UFM Building,2,0,0,0,2,0,,2026-01-09 17:00:25
หจก. พี.อาร์.การช่าง,งานโครงหลังคา,Renovation of UFM Building,10,10,0,0,0,0,,2026-01-09 17:00:25
บจก.คูริฮารา (ประเทศไทย),งานระบบสุขาภิบาล,Renovation of UFM Building,6,6,0,0,0,0,,2026-01-09 17:00:25